Repair Number,Part Number,Movement Code
R300001,256-0573,251
R300001,256-0573,161
R300001,256-0573,252
R300004,256-0573,251
R300004,256-0573,161
R300004,256-0573,252
R300006,256-0573,251
R300006,256-0573,161
R300006,256-0573,252
R300010,256-0573,251
R300010,256-0573,161
R300010,256-0573,252
R300012,256-0573,161
R300012,256-0573,252
R300015,256-0573,251
R300015,256-0573,161
R300015,256-0573,252
R300017,256-0573,251
R300017,256-0573,161
R300017,256-0573,252
R300020,256-0573,251
R300020,256-0573,161
R300020,256-0573,252
R300024,256-0573,251
R300024,256-0573,161
R300024,256-0573,252
R300026,256-0573,251
R300026,256-0573,161
R300026,256-0573,252
R300031,256-0573,251
R300031,256-0573,161
R300031,256-0573,252
R300034,256-0573,251
R300034,256-0573,161
R300034,256-0573,252
R300037,256-0573,251
R300037,256-0573,161
R300037,256-0573,252
R300042,256-0573,251
R300045,256-0573,251
R300045,256-0573,161
R300045,256-0573,252
R300047,256-0573,251
R300047,256-0573,161
R300047,256-0573,252
R300051,256-0573,251
R300051,256-0573,161
R300051,256-0573,252
R300055,256-0573,251
R300055,256-0573,161
R300055,256-0573,252
R300057,256-0573,251
R300057,256-0573,161
R300062,256-0573,251
R300062,256-0573,161
R300062,256-0573,252
R300066,256-0573,251
R300066,256-0573,161
R300066,256-0573,252
R300071,256-0573,251
R300071,256-0573,161
R300071,256-0573,252
R300075,256-0573,251
R300075,256-0573,161
R300075,256-0573,252
R300079,256-0573,251
R300079,256-0573,161
R300079,256-0573,252
R300083,256-0573,251
R300083,256-0573,161
R300083,256-0573,252
R300085,256-0573,161
R300085,256-0573,252
R300089,256-0573,251
R300089,256-0573,161
R300089,256-0573,252
R300091,256-0573,251
R300091,256-0573,161
R300091,256-0573,252
R300096,256-0573,251
R300096,256-0573,161
R300096,256-0573,252
R300098,256-0573,251
R300098,256-0573,161
R300098,256-0573,252
R300103,256-0573,251
R300103,256-0573,161
R300103,256-0573,252
R300107,256-0573,251
R300107,256-0573,161
R300107,256-0573,252
R300109,256-0573,251
R300109,256-0573,252
R300112,256-0573,251
R300112,256-0573,161
R300112,256-0573,252
R300117,256-0573,251
R300117,256-0573,161
R300117,256-0573,252
R300122,256-0573,251
R300122,256-0573,161
R300122,256-0573,252
R300126,256-0573,251
R300126,256-0573,161
R300126,256-0573,252
R300131,256-0573,251
R300131,256-0573,161
R300131,256-0573,252
R300135,256-0573,251
R300135,256-0573,161
R300135,256-0573,252
R300140,256-0573,251
R300140,256-0573,161
R300140,256-0573,252
R300143,256-0573,251
R300143,256-0573,161
R300143,256-0573,252
R300148,256-0573,161
R300150,256-0573,251
R300150,256-0573,161
R300150,256-0573,252
R300155,256-0573,251
R300155,256-0573,161
R300155,256-0573,252
R300157,256-0573,251
R300157,256-0573,161
R300157,256-0573,252
R300161,256-0573,251
R300161,256-0573,161
R300161,256-0573,252
R300165,256-0573,251
R300165,256-0573,161
R300165,256-0573,252
R300170,256-0573,251
R300170,256-0573,161
R300170,256-0573,252
R300174,256-0573,251
R300174,256-0573,161
R300174,256-0573,252
R300179,256-0573,251
R300179,256-0573,161
R300181,256-0573,251
R300181,256-0573,161
R300181,256-0573,252
R300186,256-0573,251
R300186,256-0573,161
R300186,256-0573,252
R300190,256-0573,251
R300190,256-0573,161
R300190,256-0573,252
R300193,256-0573,251
R300193,256-0573,161
R300193,256-0573,252
R300195,256-0573,251
R300195,256-0573,161
R300195,256-0573,252
R300198,256-0573,251
R300198,256-0573,161
R300198,256-0573,252
R300202,256-0573,251
R300202,256-0573,161
R300202,256-0573,252
R300204,256-0573,251
R300204,256-0573,161
R300204,256-0573,252
R300209,256-0573,251
R300209,256-0573,161
R300209,256-0573,252
R300213,256-0573,251
R300213,256-0573,161
R300213,256-0573,252
R300216,256-0573,252
R300219,256-0573,251
R300219,256-0573,161
R300219,256-0573,252
R300223,256-0573,251
R300223,256-0573,161
R300223,256-0573,252
R300226,256-0573,251
R300226,256-0573,161
R300226,256-0573,252
R300231,256-0573,251
R300231,256-0573,161
R300231,256-0573,252
R300235,256-0573,251
R300235,256-0573,161
R300235,256-0573,252
R300238,256-0573,251
R300238,256-0573,161
R300238,256-0573,252
R300243,256-0573,251
R300243,256-0573,161
R300243,256-0573,252
R300247,256-0573,251
R300247,256-0573,161
R300247,256-0573,252
R300250,256-0573,251
R300250,256-0573,161
R300250,256-0573,252
R300252,256-0573,251
R300252,256-0573,161
R300252,256-0573,252
R300255,256-0573,251
R300255,256-0573,161
R300255,256-0573,252
R300258,256-0573,251
R300258,256-0573,161
R300258,256-0573,252
R300261,256-0573,251
R300261,256-0573,161
R300261,256-0573,252
R300265,256-0573,251
R300265,256-0573,161
R300265,256-0573,252
R300268,256-0573,251
R300268,256-0573,161
R300272,256-0573,251
R300272,256-0573,161
R300272,256-0573,252
R300276,256-0573,251
R300276,256-0573,161
R300276,256-0573,252
R300280,256-0573,251
R300280,256-0573,161
R300280,256-0573,252
R300285,256-0573,251
R300285,256-0573,161
R300285,256-0573,252
R300287,256-0573,251
R300287,256-0573,161
R300287,256-0573,252
R300291,256-0573,251
R300291,256-0573,161
R300291,256-0573,252
R300294,256-0573,251
R300294,256-0573,161
R300294,256-0573,252
R300298,256-0573,251
R300298,256-0573,252
R300300,256-0573,251
R300300,256-0573,161
R300300,256-0573,252
R300303,256-0573,251
R300303,256-0573,161
R300303,256-0573,252
R300305,256-0573,251
R300305,256-0573,161
R300305,256-0573,252
R300309,256-0573,251
R300309,256-0573,161
R300309,256-0573,252
R300312,256-0573,251
R300312,256-0573,161
R300312,256-0573,252
R300315,256-0573,251
R300315,256-0573,161
R300315,256-0573,252
R300318,256-0573,251
R300318,256-0573,161
R300318,256-0573,252
R300322,256-0573,251
R300322,256-0573,161
R300322,256-0573,252
R300327,256-0573,251
R300327,256-0573,161
R300327,256-0573,252
R300330,256-0573,251
R300330,256-0573,161
R300330,256-0573,252
R300335,256-0573,161
R300339,256-0573,251
R300339,256-0573,161
R300339,256-0573,252
R300343,256-0573,251
R300343,256-0573,161
R300343,256-0573,252
R300347,256-0573,251
R300347,256-0573,161
R300347,256-0573,252
R300349,256-0573,251
R300349,256-0573,161
R300349,256-0573,252
R300353,256-0573,251
R300353,256-0573,161
R300353,256-0573,252
R300356,256-0573,251
R300356,256-0573,161
R300356,256-0573,252
R300361,256-0573,251
R300361,256-0573,161
R300361,256-0573,252
R300364,256-0573,251
R300364,256-0573,161
R300364,256-0573,252
R300366,256-0573,251
R300366,256-0573,161
R300366,256-0573,252
R300368,256-0573,251
R300373,256-0573,251
R300373,256-0573,161
R300373,256-0573,252
R300377,256-0573,251
R300377,256-0573,161
R300377,256-0573,252
R300379,256-0573,251
R300379,256-0573,161
R300379,256-0573,252
R300383,256-0573,251
R300383,256-0573,161
R300383,256-0573,252
R300386,256-0573,251
R300386,256-0573,161
R300386,256-0573,252
R300391,256-0573,251
R300391,256-0573,161
R300391,256-0573,252
R300394,256-0573,251
R300394,256-0573,161
R300394,256-0573,252
R300397,256-0573,251
R300397,256-0573,161
R300397,256-0573,252
R300401,256-0573,251
R300401,256-0573,161
R300401,256-0573,252
R300405,256-0573,251
R300405,256-0573,161
R300405,256-0573,252
R300410,256-0573,251
R300410,256-0573,161
R300410,256-0573,252
R300412,256-0573,251
R300412,256-0573,161
R300412,256-0573,252
R300416,256-0573,251
R300416,256-0573,161
R300416,256-0573,252
R300419,256-0573,251
R300419,256-0573,161
R300419,256-0573,252
R300422,256-0573,251
R300422,256-0573,161
R300422,256-0573,252
R300427,256-0573,251
R300427,256-0573,161
R300427,256-0573,252
R300431,256-0573,251
R300431,256-0573,161
R300431,256-0573,252
R300433,256-0573,251
R300433,256-0573,161
R300433,256-0573,252
R300438,256-0573,251
R300438,256-0573,161
R300438,256-0573,252
R300442,256-0573,251
R300442,256-0573,161
R300442,256-0573,252
R300446,256-0573,251
R300446,256-0573,161
R300446,256-0573,252
R300450,256-0573,251
R300450,256-0573,161
R300450,256-0573,252
R300454,256-0573,251
R300454,256-0573,161
R300454,256-0573,252
R300459,256-0573,251
R300459,256-0573,161
R300459,256-0573,252
R300461,256-0573,251
R300461,256-0573,161
R300461,256-0573,252
R300465,256-0573,251
R300465,256-0573,161
R300465,256-0573,252
R300469,256-0573,251
R300469,256-0573,161
R300469,256-0573,252
R300471,256-0573,251
R300471,256-0573,161
R300471,256-0573,252
R300474,256-0573,251
R300474,256-0573,161
R300474,256-0573,252
R300479,256-0573,251
R300479,256-0573,161
R300479,256-0573,252
R300482,256-0573,251
R300482,256-0573,161
R300482,256-0573,252
R300485,256-0573,251
R300485,256-0573,161
R300485,256-0573,252
R300488,256-0573,251
R300488,256-0573,161
R300488,256-0573,252
R300493,256-0573,251
R300493,256-0573,161
R300493,256-0573,252
R300496,256-0573,251
R300496,256-0573,161
R300496,256-0573,252
R300501,256-0573,251
R300501,256-0573,161
R300501,256-0573,252
R300504,256-0573,251
R300504,256-0573,161
R300504,256-0573,252
R300508,256-0573,251
R300508,256-0573,161
R300508,256-0573,252
R300510,256-0573,251
R300510,256-0573,161
R300510,256-0573,252
R300512,256-0573,251
R300512,256-0573,161
R300512,256-0573,252
R300515,256-0573,251
R300515,256-0573,161
R300515,256-0573,252
R300518,256-0573,251
R300518,256-0573,161
R300518,256-0573,252
R300520,256-0573,251
R300520,256-0573,161
R300520,256-0573,252
R300522,256-0573,251
R300522,256-0573,161
R300522,256-0573,252
R300526,256-0573,251
R300526,256-0573,161
R300526,256-0573,252
R300529,256-0573,251
R300529,256-0573,161
R300529,256-0573,252
R300531,256-0573,251
R300531,256-0573,161
R300531,256-0573,252
R300535,256-0573,251
R300535,256-0573,161
R300535,256-0573,252
R300539,256-0573,251
R300539,256-0573,161
R300539,256-0573,252
R300544,256-0573,251
R300544,256-0573,161
R300544,256-0573,252
R300546,256-0573,251
R300546,256-0573,161
R300546,256-0573,252
R300548,256-0573,251
R300548,256-0573,161
R300548,256-0573,252
R300550,256-0573,251
R300550,256-0573,161
R300550,256-0573,252
R300554,256-0573,251
R300554,256-0573,161
R300554,256-0573,252
R300556,256-0573,251
R300556,256-0573,161
R300556,256-0573,252
R300561,256-0573,251
R300561,256-0573,161
R300561,256-0573,252
R300564,256-0573,251
R300564,256-0573,161
R300564,256-0573,252
R300568,256-0573,251
R300568,256-0573,161
R300568,256-0573,252
R300571,256-0573,251
R300571,256-0573,161
R300571,256-0573,252
R300574,256-0573,251
R300574,256-0573,161
R300574,256-0573,252
R300577,256-0573,251
R300577,256-0573,161
R300577,256-0573,252
R300580,256-0573,251
R300580,256-0573,161
R300580,256-0573,252
R300585,256-0573,251
R300585,256-0573,161
R300585,256-0573,252
R300589,256-0573,251
R300589,256-0573,161
R300589,256-0573,252
R300591,256-0573,251
R300591,256-0573,161
R300591,256-0573,252
R300596,256-0573,251
R300596,256-0573,161
R300596,256-0573,252
R300598,256-0573,251
R300598,256-0573,161
R300598,256-0573,252
R300602,256-0573,251
R300602,256-0573,161
R300602,256-0573,252
R300607,256-0573,251
R300607,256-0573,161
R300607,256-0573,252
R300611,256-0573,251
R300611,256-0573,161
R300611,256-0573,252
R300614,256-0573,251
R300614,256-0573,161
R300614,256-0573,252
R300617,256-0573,251
R300617,256-0573,161
R300617,256-0573,252
R300619,256-0573,251
R300619,256-0573,161
R300619,256-0573,252
R300624,256-0573,251
R300624,256-0573,161
R300624,256-0573,252
R300627,256-0573,251
R300627,256-0573,161
R300627,256-0573,252
R300630,256-0573,251
R300630,256-0573,161
R300630,256-0573,252
R300633,256-0573,251
R300633,256-0573,161
R300633,256-0573,252
R300638,256-0573,251
R300638,256-0573,161
R300638,256-0573,252
R300642,256-0573,251
R300642,256-0573,161
R300642,256-0573,252
R300644,256-0573,251
R300644,256-0573,161
R300644,256-0573,252
R300648,256-0573,251
R300648,256-0573,161
R300648,256-0573,252
R300653,256-0573,251
R300653,256-0573,161
R300653,256-0573,252
R300655,256-0573,251
R300655,256-0573,161
R300655,256-0573,252
R300658,256-0573,251
R300658,256-0573,161
R300658,256-0573,252
R300662,256-0573,251
R300662,256-0573,161
R300662,256-0573,252
R300664,256-0573,251
R300664,256-0573,161
R300664,256-0573,252
R300668,256-0573,251
R300668,256-0573,161
R300668,256-0573,252
R300673,256-0573,251
R300673,256-0573,161
R300673,256-0573,252
R300675,256-0573,251
R300675,256-0573,161
R300675,256-0573,252
R300678,256-0573,251
R300678,256-0573,161
R300678,256-0573,252
R300681,256-0573,251
R300681,256-0573,161
R300681,256-0573,252
R300686,256-0573,251
R300686,256-0573,161
R300686,256-0573,252
R300690,256-0573,251
R300690,256-0573,161
R300690,256-0573,252
R300694,256-0573,251
R300694,256-0573,161
R300694,256-0573,252
R300696,256-0573,251
R300696,256-0573,161
R300696,256-0573,252
R300701,256-0573,251
R300701,256-0573,161
R300701,256-0573,252
R300703,256-0573,251
R300703,256-0573,161
R300703,256-0573,252
R300705,256-0573,251
R300705,256-0573,161
R300705,256-0573,252
R300708,256-0573,251
R300708,256-0573,161
R300708,256-0573,252
R300713,256-0573,251
R300713,256-0573,161
R300713,256-0573,252
R300715,256-0573,251
R300715,256-0573,161
R300715,256-0573,252
R300718,256-0573,251
R300718,256-0573,161
R300718,256-0573,252
R300721,256-0573,251
R300721,256-0573,161
R300721,256-0573,252
R300725,256-0573,251
R300725,256-0573,161
R300725,256-0573,252
R300728,256-0573,251
R300728,256-0573,161
R300728,256-0573,252
R300732,256-0573,251
R300732,256-0573,161
R300732,256-0573,252
R300736,256-0573,251
R300736,256-0573,161
R300736,256-0573,252
R300741,256-0573,251
R300741,256-0573,161
R300741,256-0573,252
R300745,256-0573,251
R300745,256-0573,161
R300745,256-0573,252
R300749,256-0573,251
R300749,256-0573,161
R300749,256-0573,252
R300753,256-0573,251
R300753,256-0573,161
R300753,256-0573,252
R300755,256-0573,251
R300755,256-0573,161
R300755,256-0573,252
R300758,256-0573,251
R300758,256-0573,161
R300758,256-0573,252
R300762,256-0573,251
R300762,256-0573,161
R300762,256-0573,252
R300765,256-0573,251
R300765,256-0573,161
R300765,256-0573,252
R300769,256-0573,251
R300769,256-0573,161
R300769,256-0573,252
R300772,256-0573,251
R300772,256-0573,161
R300772,256-0573,252
R300777,256-0573,251
R300777,256-0573,161
R300777,256-0573,252
R300780,256-0573,251
R300780,256-0573,161
R300780,256-0573,252
R300782,256-0573,251
R300782,256-0573,161
R300782,256-0573,252
R300787,256-0573,251
R300787,256-0573,161
R300787,256-0573,252
R300792,256-0573,251
R300792,256-0573,161
R300792,256-0573,252
R300794,256-0573,251
R300794,256-0573,161
R300794,256-0573,252